order_id;order_date;customer_id;product_name;product_category;quantity;sales
O0101;04/07/2025;C1436;Surface Go 4;Tablet;1;604
O0102;01/12/2025;C0194;Galaxy S24;Smartphone;1;571
O0103;16/11/2026;C0248;Google Nest Hub 3;Smart Home;2;684
O0104;15/10/2024;C3809;Galaxy S24;Smartphone;2;1870
O0105;19/05/2025;C3476;ThinkPad X1;Laptop;3;4386
O0106;06/02/2026;C2374;Pixel 9 Pro;Smartphone;3;1596
O0107;11/03/2025;C4460;Pixel 9 Pro;Smartphone;4;3628
O0108;07/02/2025;C2185;Echo Dot 6;Smart Home;2;560
O0109;27/03/2026;C0264;ThinkPad X1;Laptop;1;1037
O0110;16/12/2025;C1709;iPhone 16;Smartphone;2;2348
O0111;19/02/2026;C0613;USB-C Hub 7in1;Accessory;4;420
O0112;13/07/2024;C1765;Surface Go 4;Tablet;1;456
O0113;11/11/2026;C3377;Galaxy Tab S10;Tablet;3;1239
O0114;11/12/2026;C4434;Galaxy Tab S10;Tablet;4;1828
O0115;23/09/2025;C1242;Bluetooth Headphones;Accessory;3;111
O0116;27/09/2025;C3735;Pixel 9 Pro;Smartphone;4;2300
O0117;13/06/2026;C1132;OnePlus 13;Smartphone;1;1049
O0118;05/12/2024;C1959;USB-C Hub 7in1;Accessory;4;420
O0119;29/06/2025;C3205;Galaxy S24;Smartphone;4;3464
O0120;20/02/2025;C3136;Pixel 9 Pro;Smartphone;3;3477
O0121;07/05/2025;C0350;Google Nest Hub 3;Smart Home;2;190
O0122;06/06/2024;C3970;Wireless Mouse Pro;Accessory;2;320
O0123;30/11/2026;C1242;Galaxy Tab S10;Tablet;2;1504
O0124;18/05/2024;C0049;Wireless Mouse Pro;Accessory;2;300
O0125;10/01/2024;C4407;Galaxy S24;Smartphone;2;2340
O0126;22/10/2025;C0652;Bluetooth Headphones;Accessory;4;492
O0127;30/06/2026;C2000;Surface Go 4;Tablet;3;2778
O0128;02/01/2026;C1426;Surface Go 4;Tablet;1;545
O0129;20/10/2024;C4803;Google Nest Hub 3;Smart Home;4;560
O0130;12/05/2025;C3896;Laptop Sleeve 15in;Accessory;1;173
O0131;07/03/2024;C0909;Ring Doorbell Pro;Smart Home;1;278
O0132;15/01/2025;C0902;Wireless Mouse Pro;Accessory;3;264
O0133;17/06/2025;C4922;Echo Dot 6;Smart Home;2;588
O0134;09/08/2025;C3209;HP Spectre x360;Laptop;1;1331
O0135;07/06/2025;C4324;Dell XPS 15;Laptop;4;7072
O0136;22/11/2025;C4576;Bluetooth Headphones;Accessory;1;130
O0137;31/07/2025;C0871;USB-C Hub 7in1;Accessory;3;477
O0138;01/04/2025;C0649;Laptop Sleeve 15in;Accessory;4;500
O0139;22/02/2026;C4343;Galaxy Tab S10;Tablet;1;703
O0140;26/09/2025;C1071;Dell XPS 15;Laptop;3;3786
O0141;11/11/2026;C4805;Surface Go 4;Tablet;2;1834
O0142;08/07/2026;C2185;HP Spectre x360;Laptop;1;1612
O0143;22/07/2025;C2034;Galaxy S24;Smartphone;3;3087
O0144;29/10/2024;C2810;Ring Doorbell Pro;Smart Home;4;452
O0145;25/02/2026;C3431;iPad Air 6;Tablet;1;928
O0146;03/09/2025;C4794;Echo Dot 6;Smart Home;3;969
O0147;07/12/2025;C2387;Bluetooth Headphones;Accessory;4;456
O0148;12/10/2025;C0104;Wireless Mouse Pro;Accessory;3;528
O0149;04/02/2024;C4816;Galaxy S24;Smartphone;1;1043
O0150;13/01/2026;C1295;HP Spectre x360;Laptop;4;6648
O0151;04/04/2026;C1277;HP Spectre x360;Laptop;1;1185
O0152;29/06/2025;C1885;Surface Go 4;Tablet;4;2240
O0153;25/07/2024;C2174;Google Nest Hub 3;Smart Home;3;900
O0154;25/03/2026;C0480;Wireless Mouse Pro;Accessory;3;483
O0155;13/07/2025;C3160;HP Spectre x360;Laptop;3;4875
O0156;20/12/2024;C3808;Galaxy Tab S10;Tablet;2;1118
O0157;05/02/2025;C0309;Bluetooth Headphones;Accessory;1;73
O0158;28/09/2025;C2171;Ring Doorbell Pro;Smart Home;2;628
O0159;25/06/2024;C3916;Wireless Mouse Pro;Accessory;4;408
O0160;26/06/2026;C3094;Dell XPS 15;Laptop;2;2886
O0161;28/05/2026;C0398;Galaxy Tab S10;Tablet;3;2577
O0162;26/09/2025;C4126;iPad Air 6;Tablet;4;3720
O0163;30/05/2026;C2831;iPhone 16;Smartphone;1;594
O0164;31/01/2024;C4012;Laptop Sleeve 15in;Accessory;1;155
O0165;15/02/2026;C2457;MacBook Air M4;Laptop;3;5847
O0166;11/01/2026;C1758;HP Spectre x360;Laptop;4;7604
O0167;21/10/2025;C3511;Dell XPS 15;Laptop;4;7872
O0168;06/03/2025;C3891;Dell XPS 15;Laptop;3;5541
O0169;18/03/2025;C2711;HP Spectre x360;Laptop;2;2758
O0170;09/11/2025;C2322;iPad Air 6;Tablet;3;1686
O0171;27/01/2026;C0676;Surface Go 4;Tablet;1;441
O0172;20/09/2024;C2052;Google Nest Hub 3;Smart Home;2;340
O0173;23/07/2024;C3369;Echo Dot 6;Smart Home;2;442
O0174;09/03/2024;C4114;Echo Dot 6;Smart Home;3;276
O0175;13/01/2024;C1130;iPad Air 6;Tablet;1;542
O0176;02/01/2024;C2268;iPad Air 6;Tablet;1;715
O0177;04/12/2026;C4842;OnePlus 13;Smartphone;2;1700
O0178;10/09/2026;C1878;OnePlus 13;Smartphone;3;3729
O0179;22/02/2025;C3963;Bluetooth Headphones;Accessory;4;176
O0180;18/12/2025;C4460;Google Nest Hub 3;Smart Home;2;470
O0181;24/11/2026;C2978;HP Spectre x360;Laptop;1;1953
O0182;26/07/2026;C1629;iPad Air 6;Tablet;3;1347
O0183;29/11/2025;C4927;Pixel 9 Pro;Smartphone;1;1091
O0184;06/05/2024;C0415;Galaxy Tab S10;Tablet;1;802
O0185;15/11/2026;C3121;Ring Doorbell Pro;Smart Home;1;222
O0186;28/03/2026;C1917;HP Spectre x360;Laptop;1;1414
O0187;09/10/2026;C0760;Wireless Mouse Pro;Accessory;2;62
O0188;29/12/2025;C1311;OnePlus 13;Smartphone;2;2494
O0189;09/12/2026;C3617;ThinkPad X1;Laptop;4;5148
O0190;19/03/2025;C2980;Surface Go 4;Tablet;1;895
O0191;01/12/2025;C3320;Google Nest Hub 3;Smart Home;4;1124
O0192;22/09/2025;C3425;Bluetooth Headphones;Accessory;2;92
O0193;16/07/2026;C1154;OnePlus 13;Smartphone;3;2076
O0194;21/08/2026;C1769;Galaxy Tab S10;Tablet;3;2895
O0195;30/12/2026;C2430;iPhone 16;Smartphone;2;2510
O0196;09/07/2025;C0486;Dell XPS 15;Laptop;4;5124
O0197;27/03/2025;C3693;Galaxy S24;Smartphone;3;2409
O0198;31/10/2026;C1413;Bluetooth Headphones;Accessory;1;177
O0199;12/07/2026;C2509;Bluetooth Headphones;Accessory;3;465
O0200;14/01/2025;C1869;MacBook Air M4;Laptop;2;2514
O0201;26/11/2025;C3774;iPad Air 6;Tablet;4;2184
O0202;01/02/2024;C3954;Pixel 9 Pro;Smartphone;4;4108
O0203;15/06/2026;C4599;HP Spectre x360;Laptop;4;4380
O0204;13/10/2024;C2420;Pixel 9 Pro;Smartphone;4;3800
O0205;22/10/2026;C4015;Pixel 9 Pro;Smartphone;3;1734
O0206;15/02/2024;C1018;Laptop Sleeve 15in;Accessory;1;178
O0207;25/08/2025;C3479;HP Spectre x360;Laptop;4;7144
O0208;18/06/2024;C1244;MacBook Air M4;Laptop;2;2238
O0209;20/07/2026;C1996;Galaxy Tab S10;Tablet;1;664
O0210;02/05/2026;C4334;Bluetooth Headphones;Accessory;1;95
O0211;07/04/2025;C4619;Echo Dot 6;Smart Home;4;496
O0212;12/09/2024;C0540;Dell XPS 15;Laptop;2;3416
O0213;22/11/2024;C1783;ThinkPad X1;Laptop;3;4977
O0214;10/11/2026;C0395;iPad Air 6;Tablet;1;706
O0215;18/11/2026;C1007;Ring Doorbell Pro;Smart Home;2;700
O0216;25/06/2024;C1593;USB-C Hub 7in1;Accessory;3;411
O0217;28/05/2024;C4165;Galaxy S24;Smartphone;3;2496
O0218;25/10/2025;C4358;OnePlus 13;Smartphone;2;2316
O0219;19/02/2025;C4084;OnePlus 13;Smartphone;3;3786
O0220;27/02/2025;C0513;Galaxy Tab S10;Tablet;4;3252
O0221;01/03/2024;C2506;Google Nest Hub 3;Smart Home;2;288
O0222;08/01/2025;C4182;Wireless Mouse Pro;Accessory;2;230
O0223;13/09/2025;C1222;Galaxy S24;Smartphone;4;3368
O0224;26/02/2024;C1899;HP Spectre x360;Laptop;3;3216
O0225;25/12/2025;C1551;Laptop Sleeve 15in;Accessory;1;59
O0226;15/10/2024;C4726;Pixel 9 Pro;Smartphone;2;1200
O0227;02/01/2025;C3707;Wireless Mouse Pro;Accessory;3;402
O0228;10/08/2025;C1367;Pixel 9 Pro;Smartphone;3;2646
O0229;23/11/2025;C0478;Google Nest Hub 3;Smart Home;4;848
O0230;22/01/2024;C1172;Echo Dot 6;Smart Home;3;993
O0231;05/01/2024;C1116;Pixel 9 Pro;Smartphone;2;1832
O0232;03/08/2024;C1885;Wireless Mouse Pro;Accessory;1;178
O0233;01/02/2026;C1090;Galaxy S24;Smartphone;4;2000
O0234;15/01/2025;C4873;Echo Dot 6;Smart Home;4;1132
O0235;06/03/2026;C2803;iPhone 16;Smartphone;1;1298
O0236;28/09/2024;C2962;Ring Doorbell Pro;Smart Home;1;346
O0237;05/07/2026;C2665;OnePlus 13;Smartphone;4;2584
O0238;26/05/2024;C0106;Laptop Sleeve 15in;Accessory;2;48
O0239;07/11/2025;C2067;iPad Air 6;Tablet;3;2868
O0240;17/12/2026;C3296;Dell XPS 15;Laptop;3;5178
O0241;21/12/2026;C4606;Galaxy Tab S10;Tablet;2;1966
O0242;07/07/2025;C2970;MacBook Air M4;Laptop;1;1633
O0243;11/07/2025;C0479;iPhone 16;Smartphone;2;1806
O0244;29/04/2024;C2169;Galaxy Tab S10;Tablet;2;1488
O0245;18/12/2025;C3492;Galaxy S24;Smartphone;2;1628
O0246;26/12/2025;C2763;USB-C Hub 7in1;Accessory;4;416
O0247;14/11/2026;C4281;Bluetooth Headphones;Accessory;2;272
O0248;03/08/2025;C2102;Laptop Sleeve 15in;Accessory;1;91
O0249;05/08/2025;C2732;Wireless Mouse Pro;Accessory;1;49
O0250;08/03/2024;C1527;Galaxy S24;Smartphone;3;1800
O0251;12/02/2024;C0810;Galaxy S24;Smartphone;4;3716
O0252;14/08/2026;C0987;Laptop Sleeve 15in;Accessory;2;268
O0253;09/03/2026;C2748;iPhone 16;Smartphone;4;4612
O0254;29/02/2024;C1705;Galaxy Tab S10;Tablet;1;864
O0255;06/09/2024;C1042;Google Nest Hub 3;Smart Home;1;209
O0256;17/07/2024;C3366;iPhone 16;Smartphone;2;1982
O0257;14/08/2026;C4155;Google Nest Hub 3;Smart Home;3;315
O0258;24/06/2025;C0238;Bluetooth Headphones;Accessory;4;504
O0259;10/05/2026;C0612;OnePlus 13;Smartphone;4;4104
O0260;10/02/2025;C0943;Surface Go 4;Tablet;4;3148
O0261;28/08/2026;C1879;MacBook Air M4;Laptop;2;2298
O0262;14/11/2025;C1718;ThinkPad X1;Laptop;2;3016
O0263;02/06/2025;C0703;Google Nest Hub 3;Smart Home;1;259
O0264;15/06/2025;C0339;ThinkPad X1;Laptop;3;5574
O0265;31/01/2024;C0680;Galaxy Tab S10;Tablet;3;2292
O0266;14/12/2026;C3094;Laptop Sleeve 15in;Accessory;1;144
O0267;05/05/2026;C4847;Echo Dot 6;Smart Home;2;488
O0268;04/12/2024;C4233;Bluetooth Headphones;Accessory;4;104
O0269;15/09/2024;C3919;Galaxy S24;Smartphone;3;3837
O0270;22/11/2025;C2239;Galaxy S24;Smartphone;1;707
O0271;29/08/2024;C0888;Pixel 9 Pro;Smartphone;4;4348
O0272;31/12/2026;C1720;MacBook Air M4;Laptop;2;2944
O0273;02/01/2024;C2209;Dell XPS 15;Laptop;2;3262
O0274;04/12/2026;C4675;MacBook Air M4;Laptop;1;1618
O0275;26/02/2025;C0531;MacBook Air M4;Laptop;1;1115
O0276;25/01/2025;C1317;USB-C Hub 7in1;Accessory;1;170
O0277;02/12/2025;C3142;Galaxy Tab S10;Tablet;1;765
O0278;04/06/2024;C3483;ThinkPad X1;Laptop;3;3684
O0279;27/08/2024;C1253;USB-C Hub 7in1;Accessory;2;160
O0280;21/08/2024;C1712;OnePlus 13;Smartphone;1;1145
O0281;16/09/2024;C3669;HP Spectre x360;Laptop;3;4341
O0282;12/02/2026;C1124;HP Spectre x360;Laptop;4;4132
O0283;20/07/2025;C0460;ThinkPad X1;Laptop;2;2306
O0284;29/09/2025;C4441;HP Spectre x360;Laptop;3;3798
O0285;16/12/2024;C4938;Dell XPS 15;Laptop;1;1714
O0286;11/06/2025;C0531;Dell XPS 15;Laptop;3;4707
O0287;27/03/2026;C1409;Galaxy Tab S10;Tablet;2;1198
O0288;15/08/2025;C2647;MacBook Air M4;Laptop;2;3994
O0289;02/09/2024;C0827;Wireless Mouse Pro;Accessory;2;180
O0290;02/09/2024;C4421;MacBook Air M4;Laptop;2;3622
O0291;26/01/2026;C2146;Pixel 9 Pro;Smartphone;1;598
O0292;25/01/2024;C0930;iPhone 16;Smartphone;1;1272
O0293;28/02/2026;C2093;MacBook Air M4;Laptop;3;4545
O0294;05/02/2025;C0435;iPad Air 6;Tablet;2;938
O0295;26/01/2026;C0261;MacBook Air M4;Laptop;3;5667
O0296;25/10/2024;C1528;Dell XPS 15;Laptop;2;1990
O0297;17/06/2024;C3293;Ring Doorbell Pro;Smart Home;1;170
O0298;05/11/2026;C2576;Galaxy S24;Smartphone;3;3453
O0299;29/08/2024;C0719;OnePlus 13;Smartphone;1;1262
O0300;06/07/2025;C3799;OnePlus 13;Smartphone;1;1043
O0301;23/04/2025;C2366;Dell XPS 15;Laptop;1;1056
O0302;28/12/2024;C4427;Surface Go 4;Tablet;2;1120
O0303;30/10/2026;C1877;Dell XPS 15;Laptop;4;4588
O0304;12/03/2026;C2526;Pixel 9 Pro;Smartphone;3;3582
O0305;01/06/2026;C2822;Ring Doorbell Pro;Smart Home;2;380
O0306;08/05/2024;C1246;Wireless Mouse Pro;Accessory;3;243
O0307;04/08/2026;C1884;USB-C Hub 7in1;Accessory;2;218
O0308;16/05/2024;C3738;Galaxy S24;Smartphone;3;3231
O0309;19/09/2026;C3751;Galaxy S24;Smartphone;2;2436
O0310;13/08/2026;C2175;HP Spectre x360;Laptop;4;6676
O0311;10/06/2025;C4200;Google Nest Hub 3;Smart Home;2;160
O0312;04/04/2024;C3211;HP Spectre x360;Laptop;3;3021
O0313;17/04/2025;C0476;Pixel 9 Pro;Smartphone;3;3600
O0314;18/07/2025;C0637;Dell XPS 15;Laptop;1;1536
O0315;12/10/2026;C1027;HP Spectre x360;Laptop;2;2838
O0316;27/06/2024;C3570;Ring Doorbell Pro;Smart Home;2;240
O0317;16/06/2026;C4707;OnePlus 13;Smartphone;4;5032
O0318;01/05/2024;C1930;Galaxy Tab S10;Tablet;3;2658
O0319;03/10/2025;C0855;USB-C Hub 7in1;Accessory;1;169
O0320;03/06/2025;C3607;ThinkPad X1;Laptop;2;3852
O0321;08/02/2024;C0883;MacBook Air M4;Laptop;4;5384
O0322;14/03/2025;C1397;MacBook Air M4;Laptop;3;3273
O0323;15/06/2025;C1730;Wireless Mouse Pro;Accessory;1;106
O0324;14/03/2025;C1970;Wireless Mouse Pro;Accessory;4;472
O0325;10/06/2025;C2799;MacBook Air M4;Laptop;2;3894
O0326;18/07/2026;C4808;Laptop Sleeve 15in;Accessory;2;186
O0327;18/10/2024;C2983;Laptop Sleeve 15in;Accessory;2;280
O0328;15/02/2026;C0346;Laptop Sleeve 15in;Accessory;2;62
O0329;14/01/2026;C2868;USB-C Hub 7in1;Accessory;1;37
O0330;04/05/2025;C3483;Google Nest Hub 3;Smart Home;1;308
O0331;14/05/2025;C2992;Wireless Mouse Pro;Accessory;2;328
O0332;11/10/2025;C0669;Pixel 9 Pro;Smartphone;1;505
O0333;11/05/2024;C2615;OnePlus 13;Smartphone;1;836
O0334;09/11/2025;C1362;Laptop Sleeve 15in;Accessory;4;664
O0335;06/10/2026;C2084;Galaxy S24;Smartphone;3;2475
O0336;01/08/2026;C3481;Galaxy Tab S10;Tablet;1;816
O0337;31/12/2024;C3537;MacBook Air M4;Laptop;1;1053
O0338;10/11/2025;C0557;Dell XPS 15;Laptop;3;2745
O0339;01/12/2026;C2351;iPhone 16;Smartphone;1;1177
O0340;20/01/2024;C4088;Echo Dot 6;Smart Home;4;808
O0341;16/01/2024;C2739;iPad Air 6;Tablet;4;1688
O0342;21/03/2025;C4200;Echo Dot 6;Smart Home;2;274
O0343;27/04/2024;C1402;Wireless Mouse Pro;Accessory;1;107
O0344;05/08/2026;C4070;Echo Dot 6;Smart Home;1;243
O0345;16/09/2026;C3917;Laptop Sleeve 15in;Accessory;2;112
O0346;15/01/2026;C0998;ThinkPad X1;Laptop;1;1298
O0347;05/09/2026;C4803;ThinkPad X1;Laptop;1;1735
O0348;18/03/2024;C4721;iPad Air 6;Tablet;1;429
O0349;25/12/2026;C1325;ThinkPad X1;Laptop;4;7336
O0350;01/11/2025;C1861;HP Spectre x360;Laptop;1;1455
O0351;12/01/2025;C4072;Laptop Sleeve 15in;Accessory;1;137
O0352;23/07/2025;C0307;iPad Air 6;Tablet;2;894
O0353;07/10/2025;C1412;Dell XPS 15;Laptop;1;1744
O0354;23/05/2025;C2432;MacBook Air M4;Laptop;2;2546
O0355;27/02/2024;C3968;HP Spectre x360;Laptop;1;1189
O0356;22/09/2025;C0936;iPhone 16;Smartphone;4;4144
O0357;06/12/2025;C3510;Pixel 9 Pro;Smartphone;2;1940
O0358;12/04/2024;C0724;Surface Go 4;Tablet;3;2538
O0359;30/11/2026;C0448;Google Nest Hub 3;Smart Home;1;208
O0360;17/01/2025;C0845;Wireless Mouse Pro;Accessory;3;276
O0361;26/08/2026;C0799;Pixel 9 Pro;Smartphone;3;2478
O0362;17/12/2024;C3763;iPhone 16;Smartphone;2;2348
O0363;13/10/2024;C1903;Ring Doorbell Pro;Smart Home;2;306
O0364;10/05/2025;C0821;Wireless Mouse Pro;Accessory;4;656
O0365;19/12/2026;C2174;Galaxy Tab S10;Tablet;2;1522
O0366;19/10/2025;C2608;iPad Air 6;Tablet;1;819
O0367;22/03/2025;C1421;Google Nest Hub 3;Smart Home;3;720
O0368;13/01/2024;C1222;Bluetooth Headphones;Accessory;1;108
O0369;29/11/2026;C1316;Echo Dot 6;Smart Home;2;412
O0370;15/02/2026;C3966;Pixel 9 Pro;Smartphone;2;1088
O0371;26/03/2024;C2824;Pixel 9 Pro;Smartphone;1;651
O0372;06/09/2024;C1303;Galaxy Tab S10;Tablet;4;1812
O0373;20/02/2025;C4664;Ring Doorbell Pro;Smart Home;2;446
O0374;14/07/2026;C2731;Laptop Sleeve 15in;Accessory;2;130
O0375;17/09/2026;C3374;Ring Doorbell Pro;Smart Home;1;308
O0376;26/08/2025;C3708;HP Spectre x360;Laptop;3;3660
O0377;23/09/2026;C1564;Laptop Sleeve 15in;Accessory;3;291
O0378;28/05/2025;C3927;Pixel 9 Pro;Smartphone;3;1683
O0379;14/07/2026;C3912;Galaxy S24;Smartphone;2;2262
O0380;19/12/2026;C4310;Bluetooth Headphones;Accessory;1;144
O0381;13/02/2026;C3534;Laptop Sleeve 15in;Accessory;3;318
O0382;08/06/2025;C2206;Wireless Mouse Pro;Accessory;3;69
O0383;05/10/2025;C1287;ThinkPad X1;Laptop;2;1832
O0384;01/03/2026;C1576;MacBook Air M4;Laptop;2;2986
O0385;06/11/2025;C3751;iPad Air 6;Tablet;1;674
O0386;05/05/2026;C4119;Galaxy S24;Smartphone;1;636
O0387;05/08/2025;C4950;Echo Dot 6;Smart Home;1;130
O0388;18/02/2026;C4297;iPad Air 6;Tablet;3;2904
O0389;28/02/2024;C2447;HP Spectre x360;Laptop;3;3183
O0390;21/05/2024;C0986;Ring Doorbell Pro;Smart Home;1;240
O0391;05/09/2026;C2840;Google Nest Hub 3;Smart Home;1;146
O0392;28/01/2025;C1318;Galaxy Tab S10;Tablet;4;2624
O0393;06/05/2024;C2857;iPad Air 6;Tablet;4;2008
O0394;05/05/2024;C2528;OnePlus 13;Smartphone;2;2292
O0395;19/09/2025;C4237;iPad Air 6;Tablet;1;468
O0396;20/12/2026;C2995;Pixel 9 Pro;Smartphone;3;1803
O0397;09/11/2026;C0950;iPad Air 6;Tablet;3;3000
O0398;19/10/2024;C3716;Galaxy S24;Smartphone;3;3060
O0399;01/06/2025;C1448;Google Nest Hub 3;Smart Home;2;476
O0400;11/11/2025;C1302;Ring Doorbell Pro;Smart Home;1;189
O0401;04/06/2025;C1586;Pixel 9 Pro;Smartphone;4;4580
O0402;08/08/2026;C0959;ThinkPad X1;Laptop;2;2442
O0403;19/09/2024;C4308;Ring Doorbell Pro;Smart Home;1;301
O0404;31/03/2024;C4181;Laptop Sleeve 15in;Accessory;1;87
O0405;11/10/2025;C1690;ThinkPad X1;Laptop;3;3951
O0406;12/12/2025;C0636;iPad Air 6;Tablet;3;2607
O0407;21/09/2026;C0280;USB-C Hub 7in1;Accessory;2;230
O0408;28/11/2026;C0178;Galaxy S24;Smartphone;1;713
O0409;19/04/2026;C0416;Google Nest Hub 3;Smart Home;1;269
O0410;17/07/2024;C2042;Dell XPS 15;Laptop;4;4320
O0411;22/12/2026;C2532;Ring Doorbell Pro;Smart Home;1;126
O0412;03/01/2024;C2855;Laptop Sleeve 15in;Accessory;2;210
O0413;26/09/2024;C1188;HP Spectre x360;Laptop;2;2272
O0414;23/03/2025;C2096;Google Nest Hub 3;Smart Home;1;192
O0415;22/09/2026;C0282;Echo Dot 6;Smart Home;3;894
O0416;23/11/2026;C0610;Galaxy S24;Smartphone;3;3219
O0417;08/06/2026;C4922;Galaxy Tab S10;Tablet;3;1878
O0418;23/04/2024;C2427;Ring Doorbell Pro;Smart Home;2;214
O0419;18/06/2024;C1201;Pixel 9 Pro;Smartphone;1;912
O0420;19/12/2025;C1170;Laptop Sleeve 15in;Accessory;3;366
O0421;21/09/2025;C3487;Galaxy Tab S10;Tablet;3;1437
O0422;08/02/2026;C0096;ThinkPad X1;Laptop;1;1740
O0423;10/06/2026;C0602;Pixel 9 Pro;Smartphone;4;4308
O0424;07/01/2026;C3911;HP Spectre x360;Laptop;2;3944
O0425;16/09/2024;C0101;Galaxy Tab S10;Tablet;3;2241
O0426;18/10/2025;C4339;MacBook Air M4;Laptop;2;2964
O0427;10/07/2025;C2899;Galaxy Tab S10;Tablet;4;3344
O0428;15/07/2026;C3396;ThinkPad X1;Laptop;4;7024
O0429;10/08/2026;C4232;Galaxy Tab S10;Tablet;4;3836
O0430;27/02/2024;C2017;Surface Go 4;Tablet;3;2478
O0431;13/09/2025;C1947;Bluetooth Headphones;Accessory;3;414
O0432;07/10/2026;C3438;Bluetooth Headphones;Accessory;3;387
O0433;26/11/2026;C4802;OnePlus 13;Smartphone;4;4424
O0434;07/05/2024;C0641;HP Spectre x360;Laptop;3;3948
O0435;22/12/2026;C3606;Surface Go 4;Tablet;1;772
O0436;06/02/2026;C0389;iPhone 16;Smartphone;3;3747
O0437;07/04/2026;C3865;Galaxy S24;Smartphone;3;3207
O0438;24/10/2024;C2719;Galaxy Tab S10;Tablet;1;621
O0439;17/02/2026;C1227;Google Nest Hub 3;Smart Home;1;149
O0440;19/05/2025;C1028;ThinkPad X1;Laptop;2;3646
O0441;18/08/2024;C0306;ThinkPad X1;Laptop;1;1514
O0442;09/11/2024;C0890;iPad Air 6;Tablet;2;890
O0443;27/05/2026;C1295;iPad Air 6;Tablet;4;1668
O0444;07/07/2025;C2450;Galaxy S24;Smartphone;1;1275
O0445;16/01/2024;C0848;Galaxy Tab S10;Tablet;4;2672
O0446;14/11/2026;C2879;OnePlus 13;Smartphone;2;2124
O0447;03/01/2024;C2192;Wireless Mouse Pro;Accessory;2;138
O0448;22/08/2025;C0234;Echo Dot 6;Smart Home;1;334
O0449;06/05/2024;C4579;Surface Go 4;Tablet;1;656
O0450;28/10/2026;C1190;USB-C Hub 7in1;Accessory;4;364
O0451;13/05/2024;C0978;OnePlus 13;Smartphone;2;1322
O0452;23/07/2024;C4282;USB-C Hub 7in1;Accessory;1;22
O0453;06/03/2024;C4322;Galaxy Tab S10;Tablet;4;2516
O0454;03/06/2025;C3621;MacBook Air M4;Laptop;3;4377
O0455;30/07/2025;C4510;Galaxy S24;Smartphone;4;2356
O0456;25/07/2024;C0640;Pixel 9 Pro;Smartphone;4;4668
O0457;14/06/2025;C3408;OnePlus 13;Smartphone;4;3224
O0458;22/08/2024;C4121;Galaxy Tab S10;Tablet;4;3048
O0459;02/11/2026;C1250;iPad Air 6;Tablet;3;2835
O0460;14/05/2024;C0098;HP Spectre x360;Laptop;4;6824
O0461;29/07/2026;C0061;MacBook Air M4;Laptop;3;4704
O0462;29/08/2025;C3659;Ring Doorbell Pro;Smart Home;4;1352
O0463;24/05/2025;C0852;MacBook Air M4;Laptop;3;5367
O0464;08/05/2026;C4771;iPad Air 6;Tablet;4;2624
O0465;07/10/2026;C1807;Laptop Sleeve 15in;Accessory;1;154
O0466;21/02/2024;C4281;HP Spectre x360;Laptop;3;4122
O0467;03/03/2025;C1961;Laptop Sleeve 15in;Accessory;1;153
O0468;14/09/2025;C0908;Galaxy S24;Smartphone;4;5020
O0469;10/01/2025;C1203;iPad Air 6;Tablet;2;998
O0470;09/12/2025;C2454;HP Spectre x360;Laptop;1;1478
O0471;21/05/2024;C0178;Pixel 9 Pro;Smartphone;4;3232
O0472;21/10/2026;C1980;HP Spectre x360;Laptop;2;3298
O0473;20/12/2026;C0852;Dell XPS 15;Laptop;3;3213
O0474;11/01/2024;C2659;Laptop Sleeve 15in;Accessory;1;178
O0475;09/08/2025;C2419;ThinkPad X1;Laptop;1;1855
O0476;29/04/2026;C1616;iPhone 16;Smartphone;2;1392
O0477;10/01/2025;C0724;Laptop Sleeve 15in;Accessory;2;220
O0478;13/10/2026;C0941;Wireless Mouse Pro;Accessory;2;130
O0479;17/11/2025;C3170;Wireless Mouse Pro;Accessory;4;612
O0480;18/01/2025;C3883;Bluetooth Headphones;Accessory;4;124
O0481;23/04/2025;C1592;Surface Go 4;Tablet;4;3964
O0482;22/01/2025;C2313;Google Nest Hub 3;Smart Home;1;191
O0483;29/01/2024;C4535;HP Spectre x360;Laptop;3;2850
O0484;11/01/2024;C3593;Bluetooth Headphones;Accessory;3;75
O0485;05/09/2026;C2059;Galaxy Tab S10;Tablet;1;900
O0486;16/05/2024;C0282;Surface Go 4;Tablet;1;905
O0487;13/03/2025;C2284;Google Nest Hub 3;Smart Home;4;508
O0488;28/06/2026;C3614;Laptop Sleeve 15in;Accessory;1;162
O0489;27/10/2024;C1803;OnePlus 13;Smartphone;1;822
O0490;03/06/2024;C4050;USB-C Hub 7in1;Accessory;4;180
O0491;02/07/2025;C0680;Google Nest Hub 3;Smart Home;4;496
O0492;28/09/2025;C2273;Ring Doorbell Pro;Smart Home;4;480
O0493;27/09/2026;C1884;Bluetooth Headphones;Accessory;4;704
O0494;15/02/2026;C1351;Bluetooth Headphones;Accessory;3;345
O0495;27/03/2024;C4491;Surface Go 4;Tablet;2;866
O0496;21/08/2025;C2231;iPhone 16;Smartphone;4;2048
O0497;04/01/2026;C2817;Ring Doorbell Pro;Smart Home;3;840
O0498;27/04/2026;C0692;Pixel 9 Pro;Smartphone;1;1261
O0499;21/03/2026;C1818;Galaxy S24;Smartphone;3;2331
O0500;04/02/2025;C0437;Ring Doorbell Pro;Smart Home;3;1017
O0501;02/02/2025;C3520;Pixel 9 Pro;Smartphone;3;1893
O0502;14/03/2024;C4049;Laptop Sleeve 15in;Accessory;1;106
O0503;12/07/2024;C1668;Galaxy S24;Smartphone;4;2792
O0504;17/06/2025;C0217;Galaxy Tab S10;Tablet;3;2694
O0505;03/03/2024;C3499;OnePlus 13;Smartphone;4;2480
O0506;14/09/2024;C4858;Galaxy Tab S10;Tablet;4;3532
O0507;03/04/2024;C4769;Wireless Mouse Pro;Accessory;1;151
O0508;04/11/2024;C0457;Surface Go 4;Tablet;4;2452
O0509;09/08/2024;C1836;Dell XPS 15;Laptop;2;2752
O0510;19/02/2026;C2654;Galaxy S24;Smartphone;2;1546
O0511;24/01/2024;C3132;Galaxy Tab S10;Tablet;3;2073
O0512;18/11/2025;C0245;Bluetooth Headphones;Accessory;1;153
O0513;21/08/2025;C2712;USB-C Hub 7in1;Accessory;1;171
O0514;07/02/2024;C3460;Wireless Mouse Pro;Accessory;3;171
O0515;14/01/2025;C3477;Laptop Sleeve 15in;Accessory;4;400
O0516;12/01/2025;C0797;Ring Doorbell Pro;Smart Home;2;650
O0517;05/01/2024;C0398;Echo Dot 6;Smart Home;2;420
O0518;30/04/2026;C1356;Pixel 9 Pro;Smartphone;4;2752
O0519;23/12/2025;C3108;Google Nest Hub 3;Smart Home;3;582
O0520;27/03/2026;C4748;Wireless Mouse Pro;Accessory;3;144
O0521;09/01/2024;C4391;Echo Dot 6;Smart Home;2;390
O0522;12/12/2025;C3454;OnePlus 13;Smartphone;1;606
O0523;30/07/2026;C0901;Bluetooth Headphones;Accessory;4;464
O0524;25/11/2025;C3710;Laptop Sleeve 15in;Accessory;1;123
O0525;02/12/2026;C2872;Laptop Sleeve 15in;Accessory;4;628
O0526;30/01/2026;C2942;Ring Doorbell Pro;Smart Home;3;537
O0527;08/08/2026;C2581;Dell XPS 15;Laptop;3;5223
O0528;04/03/2026;C0850;Bluetooth Headphones;Accessory;4;268
O0529;02/12/2024;C0578;Wireless Mouse Pro;Accessory;4;632
O0530;01/07/2026;C0024;HP Spectre x360;Laptop;3;5454
O0531;11/09/2025;C1577;USB-C Hub 7in1;Accessory;3;93
O0532;10/09/2026;C0256;Laptop Sleeve 15in;Accessory;4;440
O0533;13/07/2026;C2729;Bluetooth Headphones;Accessory;2;94
O0534;14/08/2026;C1575;Laptop Sleeve 15in;Accessory;1;147
O0535;03/04/2026;C0501;Laptop Sleeve 15in;Accessory;2;100
O0536;23/08/2026;C1143;MacBook Air M4;Laptop;2;3868
O0537;17/02/2026;C3809;Surface Go 4;Tablet;2;1650
O0538;07/08/2024;C4943;Ring Doorbell Pro;Smart Home;3;870
O0539;17/06/2024;C1436;iPad Air 6;Tablet;4;2160
O0540;18/07/2024;C0432;Pixel 9 Pro;Smartphone;1;1245
O0541;29/04/2026;C0323;Galaxy Tab S10;Tablet;1;1000
O0542;13/12/2026;C2996;Laptop Sleeve 15in;Accessory;1;83
O0543;18/08/2026;C2335;USB-C Hub 7in1;Accessory;1;128
O0544;05/04/2026;C3357;ThinkPad X1;Laptop;3;5034
O0545;01/04/2025;C4687;Dell XPS 15;Laptop;2;2426
O0546;12/12/2026;C1483;iPhone 16;Smartphone;3;2097
O0547;07/04/2024;C1543;iPhone 16;Smartphone;2;1516
O0548;16/12/2025;C2386;Google Nest Hub 3;Smart Home;3;777
O0549;07/05/2024;C0113;Ring Doorbell Pro;Smart Home;2;632
O0550;14/01/2024;C2091;Laptop Sleeve 15in;Accessory;3;345
O0551;31/07/2024;C4040;Pixel 9 Pro;Smartphone;1;1051
O0552;08/06/2026;C4488;Google Nest Hub 3;Smart Home;3;576
O0553;21/03/2026;C0767;USB-C Hub 7in1;Accessory;1;120
O0554;30/04/2025;C1241;OnePlus 13;Smartphone;3;1824
O0555;23/12/2024;C3934;Google Nest Hub 3;Smart Home;4;1308
O0556;18/12/2024;C4045;Ring Doorbell Pro;Smart Home;2;672
O0557;13/05/2026;C2304;Echo Dot 6;Smart Home;4;556
O0558;19/10/2025;C4744;iPad Air 6;Tablet;3;2037
O0559;05/02/2026;C3592;Laptop Sleeve 15in;Accessory;2;250
O0560;20/10/2026;C1984;ThinkPad X1;Laptop;1;922
O0561;05/11/2025;C0595;Dell XPS 15;Laptop;2;3106
O0562;14/08/2026;C2013;Dell XPS 15;Laptop;4;5500
O0563;26/11/2024;C1354;Pixel 9 Pro;Smartphone;2;1778
O0564;05/05/2026;C4620;Wireless Mouse Pro;Accessory;3;351
O0565;02/12/2025;C3633;HP Spectre x360;Laptop;1;1850
O0566;04/07/2025;C3165;Dell XPS 15;Laptop;1;1551
O0567;11/06/2024;C2879;Google Nest Hub 3;Smart Home;3;867
O0568;28/03/2025;C1739;Galaxy S24;Smartphone;1;552
O0569;11/07/2024;C1000;HP Spectre x360;Laptop;4;3904
O0570;29/06/2025;C1175;Wireless Mouse Pro;Accessory;3;408
O0571;23/02/2024;C3911;Galaxy S24;Smartphone;3;2463
O0572;27/09/2024;C2324;iPhone 16;Smartphone;2;1418
O0573;20/11/2025;C1724;OnePlus 13;Smartphone;3;3318
O0574;14/05/2025;C0463;Ring Doorbell Pro;Smart Home;4;1076
O0575;23/02/2026;C1596;MacBook Air M4;Laptop;1;1237
O0576;26/04/2025;C2015;USB-C Hub 7in1;Accessory;1;28
O0577;08/11/2024;C4360;Bluetooth Headphones;Accessory;2;296
O0578;21/08/2025;C0386;Google Nest Hub 3;Smart Home;4;540
O0579;19/08/2025;C0571;Bluetooth Headphones;Accessory;4;180
O0580;21/04/2026;C3372;Galaxy S24;Smartphone;4;4772
O0581;16/03/2024;C4451;Bluetooth Headphones;Accessory;3;387
O0582;04/07/2026;C3888;Pixel 9 Pro;Smartphone;2;2552
O0583;20/05/2026;C0841;Echo Dot 6;Smart Home;2;482
O0584;14/09/2025;C2922;Galaxy S24;Smartphone;4;2648
O0585;08/08/2024;C1574;Laptop Sleeve 15in;Accessory;4;320
O0586;02/10/2024;C3705;HP Spectre x360;Laptop;3;3054
O0587;29/05/2026;C1442;Surface Go 4;Tablet;1;600
O0588;13/01/2026;C3450;MacBook Air M4;Laptop;4;6168
O0589;24/03/2025;C4946;Surface Go 4;Tablet;1;434
O0590;29/12/2026;C1094;iPhone 16;Smartphone;3;2073
O0591;13/02/2026;C4436;Ring Doorbell Pro;Smart Home;2;532
O0592;18/05/2026;C3095;Bluetooth Headphones;Accessory;2;278
O0593;13/06/2025;C3440;HP Spectre x360;Laptop;2;2208
O0594;25/01/2024;C3852;Ring Doorbell Pro;Smart Home;4;496
O0595;14/10/2025;C2758;OnePlus 13;Smartphone;3;1845
O0596;20/04/2025;C4306;Dell XPS 15;Laptop;1;1289
O0597;09/02/2024;C4942;Galaxy S24;Smartphone;1;816
O0598;16/11/2026;C0826;Wireless Mouse Pro;Accessory;2;288
O0599;16/01/2024;C4625;HP Spectre x360;Laptop;1;1937
O0600;19/02/2025;C1316;Pixel 9 Pro;Smartphone;1;920
O0601;03/09/2025;C0327;MacBook Air M4;Laptop;3;2862
O0602;14/07/2026;C1465;OnePlus 13;Smartphone;1;891
O0603;20/09/2026;C2924;Ring Doorbell Pro;Smart Home;2;486
O0604;24/08/2026;C0302;OnePlus 13;Smartphone;1;1299
O0605;23/07/2024;C3501;Galaxy S24;Smartphone;1;943
O0606;21/04/2024;C1446;Ring Doorbell Pro;Smart Home;1;216
O0607;10/04/2025;C2669;Wireless Mouse Pro;Accessory;1;174
O0608;15/05/2025;C3645;Galaxy Tab S10;Tablet;1;438
O0609;04/07/2024;C4726;Google Nest Hub 3;Smart Home;2;274
O0610;26/02/2026;C0882;USB-C Hub 7in1;Accessory;1;112
O0611;02/06/2024;C0667;Pixel 9 Pro;Smartphone;3;3333
O0612;13/12/2026;C3428;Google Nest Hub 3;Smart Home;2;686
O0613;04/10/2025;C4706;Laptop Sleeve 15in;Accessory;4;552
O0614;12/10/2024;C4589;USB-C Hub 7in1;Accessory;2;56
O0615;11/03/2026;C3379;iPhone 16;Smartphone;4;4580
O0616;29/01/2024;C4781;Galaxy Tab S10;Tablet;1;555
O0617;30/10/2025;C0122;iPhone 16;Smartphone;1;649
O0618;28/06/2025;C4149;Ring Doorbell Pro;Smart Home;3;261
O0619;17/10/2024;C4563;MacBook Air M4;Laptop;4;5744
O0620;17/12/2026;C2117;HP Spectre x360;Laptop;2;2056
O0621;29/04/2026;C2433;HP Spectre x360;Laptop;4;6756
O0622;13/03/2024;C3590;Bluetooth Headphones;Accessory;2;168
O0623;25/11/2025;C1027;MacBook Air M4;Laptop;4;3872
O0624;29/10/2026;C1930;ThinkPad X1;Laptop;4;4576
O0625;12/04/2024;C4440;Dell XPS 15;Laptop;3;4401
O0626;04/01/2025;C2034;Ring Doorbell Pro;Smart Home;1;259
O0627;06/02/2026;C3193;MacBook Air M4;Laptop;1;1048
O0628;20/04/2025;C4230;Ring Doorbell Pro;Smart Home;4;612
O0629;23/02/2024;C3530;Surface Go 4;Tablet;1;718
O0630;21/11/2025;C1201;Pixel 9 Pro;Smartphone;1;1092
O0631;01/11/2026;C3701;Pixel 9 Pro;Smartphone;2;1938
O0632;19/06/2025;C3163;Galaxy Tab S10;Tablet;4;3380
O0633;11/07/2024;C1552;Surface Go 4;Tablet;3;2400
O0634;11/11/2024;C2728;Pixel 9 Pro;Smartphone;1;1235
O0635;04/07/2026;C0133;Galaxy Tab S10;Tablet;3;1518
O0636;23/04/2024;C2193;Laptop Sleeve 15in;Accessory;4;356
O0637;15/06/2024;C0246;Dell XPS 15;Laptop;4;3836
O0638;03/05/2024;C3349;USB-C Hub 7in1;Accessory;4;228
O0639;22/06/2025;C2476;ThinkPad X1;Laptop;4;4880
O0640;14/07/2025;C1411;USB-C Hub 7in1;Accessory;1;47
O0641;13/11/2025;C2758;Laptop Sleeve 15in;Accessory;1;176
O0642;29/12/2025;C2766;Ring Doorbell Pro;Smart Home;1;299
O0643;16/10/2024;C4058;ThinkPad X1;Laptop;3;3129
O0644;29/08/2025;C3890;USB-C Hub 7in1;Accessory;2;240
O0645;06/09/2026;C0474;Galaxy Tab S10;Tablet;1;500
O0646;21/03/2025;C1119;Wireless Mouse Pro;Accessory;2;86
O0647;22/03/2025;C1889;Dell XPS 15;Laptop;1;1595
O0648;11/07/2024;C1561;Bluetooth Headphones;Accessory;2;260
O0649;15/01/2024;C2174;Bluetooth Headphones;Accessory;4;208
O0650;03/08/2024;C2689;Pixel 9 Pro;Smartphone;2;1926
O0651;29/10/2024;C2080;MacBook Air M4;Laptop;2;3276
O0652;12/10/2024;C0133;OnePlus 13;Smartphone;1;741
O0653;11/03/2024;C2937;USB-C Hub 7in1;Accessory;4;296
O0654;14/10/2026;C0884;iPad Air 6;Tablet;2;1928
O0655;07/01/2025;C2030;Galaxy Tab S10;Tablet;3;2445
O0656;23/12/2026;C2862;Echo Dot 6;Smart Home;2;494
O0657;27/08/2026;C3013;Wireless Mouse Pro;Accessory;3;174
O0658;14/08/2026;C4491;Bluetooth Headphones;Accessory;4;172
O0659;15/05/2025;C0440;Dell XPS 15;Laptop;1;1322
O0660;09/05/2025;C4729;USB-C Hub 7in1;Accessory;3;474
O0661;15/01/2025;C3154;Ring Doorbell Pro;Smart Home;2;522
O0662;26/12/2024;C4089;OnePlus 13;Smartphone;2;1542
O0663;25/05/2024;C2243;Galaxy Tab S10;Tablet;4;3924
O0664;15/01/2024;C1889;Google Nest Hub 3;Smart Home;4;676
O0665;14/01/2024;C0830;Laptop Sleeve 15in;Accessory;2;232
O0666;28/07/2024;C0921;ThinkPad X1;Laptop;3;3948
O0667;13/11/2026;C4835;Surface Go 4;Tablet;4;3844
O0668;08/09/2026;C1513;MacBook Air M4;Laptop;1;1287
O0669;04/08/2026;C0688;Pixel 9 Pro;Smartphone;4;3064
O0670;22/08/2026;C4040;Surface Go 4;Tablet;3;2232
O0671;25/05/2025;C2024;Echo Dot 6;Smart Home;2;638
O0672;26/11/2024;C4455;Dell XPS 15;Laptop;3;3126
O0673;06/01/2025;C0547;USB-C Hub 7in1;Accessory;2;226
O0674;08/09/2024;C0614;HP Spectre x360;Laptop;3;3189
O0675;08/10/2026;C2476;Bluetooth Headphones;Accessory;4;648
O0676;10/12/2024;C4672;OnePlus 13;Smartphone;4;5136
O0677;21/07/2026;C2822;iPad Air 6;Tablet;2;938
O0678;02/11/2024;C3459;Dell XPS 15;Laptop;1;1484
O0679;01/01/2024;C0217;ThinkPad X1;Laptop;3;4239
O0680;29/01/2024;C0113;Galaxy Tab S10;Tablet;1;430
O0681;28/01/2026;C3877;Google Nest Hub 3;Smart Home;4;384
O0682;22/05/2024;C0962;Pixel 9 Pro;Smartphone;1;914
O0683;28/08/2024;C4243;HP Spectre x360;Laptop;3;6000
O0684;08/03/2025;C0351;Galaxy Tab S10;Tablet;4;2828
O0685;22/11/2025;C1955;iPhone 16;Smartphone;2;1958
O0686;15/10/2024;C0563;ThinkPad X1;Laptop;2;3028
O0687;10/02/2026;C2267;Echo Dot 6;Smart Home;2;650
O0688;04/01/2026;C3841;HP Spectre x360;Laptop;2;1942
O0689;29/10/2025;C0489;Pixel 9 Pro;Smartphone;1;1002
O0690;25/08/2026;C3982;Ring Doorbell Pro;Smart Home;4;640
O0691;23/04/2024;C4386;Galaxy Tab S10;Tablet;3;2622
O0692;28/03/2025;C1977;Dell XPS 15;Laptop;4;3608
O0693;03/03/2026;C4156;Laptop Sleeve 15in;Accessory;1;47
O0694;17/10/2024;C1150;Surface Go 4;Tablet;1;882
O0695;11/08/2024;C0837;Ring Doorbell Pro;Smart Home;4;432
O0696;01/03/2025;C3394;Dell XPS 15;Laptop;2;3572
O0697;07/02/2024;C2460;Pixel 9 Pro;Smartphone;1;576
O0698;04/11/2024;C3756;Wireless Mouse Pro;Accessory;4;124
O0699;24/02/2026;C2673;Galaxy Tab S10;Tablet;2;1028
O0700;17/02/2025;C3267;HP Spectre x360;Laptop;3;4299
O0701;28/02/2025;C1793;USB-C Hub 7in1;Accessory;3;78
O0702;25/06/2025;C3980;iPhone 16;Smartphone;2;1590
O0703;10/09/2025;C1377;Surface Go 4;Tablet;3;1947
O0704;18/09/2024;C2053;Google Nest Hub 3;Smart Home;3;876
O0705;06/09/2026;C2003;Galaxy Tab S10;Tablet;3;2832
O0706;02/10/2024;C1678;MacBook Air M4;Laptop;4;5864
O0707;11/06/2026;C3699;Google Nest Hub 3;Smart Home;4;948
O0708;02/11/2026;C0920;OnePlus 13;Smartphone;3;3336
O0709;16/02/2024;C2975;Bluetooth Headphones;Accessory;4;300
O0710;11/05/2026;C4895;Laptop Sleeve 15in;Accessory;4;612
O0711;29/06/2026;C4307;Dell XPS 15;Laptop;3;4185
O0712;25/03/2026;C4309;ThinkPad X1;Laptop;2;3802
O0713;26/03/2025;C2658;Echo Dot 6;Smart Home;2;562
O0714;26/12/2026;C0253;Galaxy Tab S10;Tablet;3;2127
O0715;15/06/2025;C0213;Galaxy Tab S10;Tablet;1;901
O0716;22/10/2025;C2041;ThinkPad X1;Laptop;3;2817
O0717;15/03/2025;C0103;Laptop Sleeve 15in;Accessory;3;486
O0718;24/07/2025;C0745;ThinkPad X1;Laptop;3;5406
O0719;02/02/2025;C1027;iPhone 16;Smartphone;2;2228
O0720;22/09/2024;C2288;Wireless Mouse Pro;Accessory;1;75
O0721;25/04/2024;C1385;iPhone 16;Smartphone;2;2502
O0722;03/08/2024;C3612;Wireless Mouse Pro;Accessory;4;348
O0723;09/10/2025;C1977;Galaxy Tab S10;Tablet;1;423
O0724;17/09/2025;C4160;Surface Go 4;Tablet;1;991
O0725;07/10/2024;C1794;OnePlus 13;Smartphone;2;1074
O0726;06/05/2024;C3526;Galaxy S24;Smartphone;2;1722
O0727;26/02/2026;C4292;USB-C Hub 7in1;Accessory;2;184
O0728;16/12/2025;C3448;Bluetooth Headphones;Accessory;3;159
O0729;06/04/2024;C3931;ThinkPad X1;Laptop;3;3039
O0730;03/04/2026;C1639;iPad Air 6;Tablet;4;1796
O0731;08/07/2024;C4473;Dell XPS 15;Laptop;4;5180
O0732;31/10/2026;C3964;Bluetooth Headphones;Accessory;2;228
O0733;06/10/2024;C1241;Dell XPS 15;Laptop;1;1561
O0734;08/02/2024;C1978;USB-C Hub 7in1;Accessory;1;142
O0735;21/08/2026;C1796;Wireless Mouse Pro;Accessory;4;348
O0736;10/09/2026;C2975;ThinkPad X1;Laptop;3;5217
O0737;01/01/2026;C0451;Echo Dot 6;Smart Home;3;990
O0738;20/05/2024;C0172;Bluetooth Headphones;Accessory;3;177
O0739;30/10/2025;C2999;USB-C Hub 7in1;Accessory;4;388
O0740;11/06/2024;C4660;Wireless Mouse Pro;Accessory;3;525
O0741;23/02/2026;C0865;ThinkPad X1;Laptop;3;3321
O0742;15/07/2024;C4883;Dell XPS 15;Laptop;1;1407
O0743;03/01/2026;C4336;USB-C Hub 7in1;Accessory;4;600
O0744;23/12/2025;C0370;Google Nest Hub 3;Smart Home;1;174
O0745;27/02/2024;C1194;ThinkPad X1;Laptop;1;1990
O0746;19/07/2024;C2020;MacBook Air M4;Laptop;2;2418
O0747;15/06/2025;C4921;Galaxy S24;Smartphone;3;3108
O0748;02/11/2024;C3600;Galaxy S24;Smartphone;2;1248
O0749;28/04/2024;C0603;iPad Air 6;Tablet;3;1461
O0750;06/08/2024;C1349;Bluetooth Headphones;Accessory;3;216
O0751;20/01/2025;C4150;Galaxy Tab S10;Tablet;2;952
O0752;23/04/2024;C1284;Google Nest Hub 3;Smart Home;4;1152
O0753;12/10/2026;C0049;ThinkPad X1;Laptop;1;1276
O0754;01/07/2025;C1622;ThinkPad X1;Laptop;3;3561
O0755;24/02/2024;C1111;Dell XPS 15;Laptop;4;5228
O0756;10/08/2026;C0552;USB-C Hub 7in1;Accessory;4;356
O0757;01/09/2026;C4201;HP Spectre x360;Laptop;4;4872
O0758;02/04/2024;C3298;Galaxy S24;Smartphone;4;5148
O0759;30/12/2026;C4021;HP Spectre x360;Laptop;4;4252
O0760;20/10/2026;C2162;Wireless Mouse Pro;Accessory;1;83
O0761;26/03/2025;C1513;iPhone 16;Smartphone;4;3728
O0762;26/12/2026;C4096;Echo Dot 6;Smart Home;2;450
O0763;18/12/2026;C4816;Google Nest Hub 3;Smart Home;1;234
O0764;19/04/2024;C2148;ThinkPad X1;Laptop;2;2102
O0765;25/07/2025;C3817;Bluetooth Headphones;Accessory;3;246
O0766;06/05/2025;C2168;Galaxy Tab S10;Tablet;3;2538
O0767;03/07/2024;C3701;Galaxy Tab S10;Tablet;1;975
O0768;17/02/2024;C0509;USB-C Hub 7in1;Accessory;1;164
O0769;07/01/2025;C0325;Surface Go 4;Tablet;4;2152
O0770;14/09/2026;C4383;MacBook Air M4;Laptop;4;7048
O0771;20/04/2026;C0497;Bluetooth Headphones;Accessory;2;322
O0772;27/03/2025;C3763;USB-C Hub 7in1;Accessory;4;444
O0773;14/03/2026;C1124;Echo Dot 6;Smart Home;1;303
O0774;13/11/2025;C4822;iPad Air 6;Tablet;2;1386
O0775;10/03/2025;C1611;ThinkPad X1;Laptop;1;1400
O0776;19/11/2025;C4339;HP Spectre x360;Laptop;4;5116
O0777;29/06/2025;C3569;Galaxy S24;Smartphone;3;3858
O0778;05/01/2024;C0298;ThinkPad X1;Laptop;1;1211
O0779;05/06/2025;C1085;Ring Doorbell Pro;Smart Home;3;1017
O0780;25/02/2025;C3625;Pixel 9 Pro;Smartphone;2;2582
O0781;27/01/2025;C2247;Ring Doorbell Pro;Smart Home;2;288
O0782;15/06/2025;C3153;iPad Air 6;Tablet;2;1370
O0783;21/09/2025;C2748;Ring Doorbell Pro;Smart Home;4;752
O0784;31/05/2025;C2365;HP Spectre x360;Laptop;4;5936
O0785;09/06/2026;C1022;iPad Air 6;Tablet;4;1980
O0786;19/01/2026;C2067;Surface Go 4;Tablet;3;2754
O0787;19/11/2026;C4154;Echo Dot 6;Smart Home;2;334
O0788;29/10/2024;C3866;Echo Dot 6;Smart Home;1;144
O0789;02/09/2024;C2781;USB-C Hub 7in1;Accessory;1;47
O0790;21/05/2026;C2588;Wireless Mouse Pro;Accessory;1;20
O0791;02/03/2026;C0947;Dell XPS 15;Laptop;1;1151
O0792;11/10/2025;C3142;iPhone 16;Smartphone;1;1137
O0793;04/10/2024;C2913;OnePlus 13;Smartphone;3;3630
O0794;15/09/2024;C0085;Galaxy S24;Smartphone;2;2192
O0795;20/12/2026;C0133;Pixel 9 Pro;Smartphone;2;1540
O0796;03/07/2026;C1211;Echo Dot 6;Smart Home;3;942
O0797;10/03/2025;C4843;MacBook Air M4;Laptop;2;3212
O0798;12/05/2026;C2012;Pixel 9 Pro;Smartphone;2;2360
O0799;14/04/2025;C1114;MacBook Air M4;Laptop;1;1971
O0800;11/02/2024;C3127;Bluetooth Headphones;Accessory;3;81
O0801;01/11/2025;C0036;Bluetooth Headphones;Accessory;3;498
O0802;30/07/2026;C2531;Surface Go 4;Tablet;2;1768
O0803;17/12/2025;C4938;ThinkPad X1;Laptop;2;3424
O0804;02/09/2024;C4053;ThinkPad X1;Laptop;4;3676
O0805;12/12/2026;C4669;Ring Doorbell Pro;Smart Home;1;141
O0806;22/09/2026;C0792;iPhone 16;Smartphone;2;1888
O0807;19/03/2024;C2509;Galaxy S24;Smartphone;2;2080
O0808;18/03/2026;C1956;MacBook Air M4;Laptop;4;6312
O0809;04/09/2025;C3929;Galaxy S24;Smartphone;4;3956
O0810;18/04/2024;C1722;Wireless Mouse Pro;Accessory;4;204
O0811;02/05/2026;C4216;Ring Doorbell Pro;Smart Home;1;286
O0812;27/07/2026;C0209;Dell XPS 15;Laptop;4;5012
O0813;13/05/2025;C0467;Galaxy S24;Smartphone;3;2619
O0814;31/10/2026;C2948;Google Nest Hub 3;Smart Home;2;214
O0815;22/05/2024;C2218;iPad Air 6;Tablet;4;2564
O0816;16/12/2026;C0662;Pixel 9 Pro;Smartphone;1;1160
O0817;04/04/2024;C0627;Google Nest Hub 3;Smart Home;1;259
O0818;13/05/2025;C4001;USB-C Hub 7in1;Accessory;2;284
O0819;03/05/2026;C2386;Galaxy Tab S10;Tablet;4;2944
O0820;02/11/2024;C3430;Surface Go 4;Tablet;2;1410
O0821;24/05/2024;C4462;HP Spectre x360;Laptop;4;6408
O0822;19/04/2024;C4591;Wireless Mouse Pro;Accessory;2;50
O0823;11/12/2026;C3612;OnePlus 13;Smartphone;2;2440
O0824;01/11/2024;C3998;Surface Go 4;Tablet;1;436
O0825;01/08/2025;C1087;Galaxy S24;Smartphone;3;3747
O0826;09/01/2026;C3091;HP Spectre x360;Laptop;1;969
O0827;18/03/2024;C4350;iPad Air 6;Tablet;2;1076
O0828;17/10/2026;C0491;Bluetooth Headphones;Accessory;4;436
O0829;26/05/2026;C1725;USB-C Hub 7in1;Accessory;4;504
O0830;04/03/2024;C3327;Wireless Mouse Pro;Accessory;2;188
O0831;09/05/2025;C4736;Wireless Mouse Pro;Accessory;3;219
O0832;14/02/2026;C1923;Galaxy Tab S10;Tablet;2;1140
O0833;26/04/2025;C4247;Dell XPS 15;Laptop;2;3342
O0834;03/04/2024;C4927;Echo Dot 6;Smart Home;3;594
O0835;28/05/2024;C4880;Bluetooth Headphones;Accessory;4;408
O0836;10/08/2026;C4784;Pixel 9 Pro;Smartphone;1;933
O0837;13/11/2024;C3514;Galaxy Tab S10;Tablet;1;833
O0838;02/03/2024;C0196;Galaxy Tab S10;Tablet;3;2097
O0839;09/08/2025;C3940;Galaxy S24;Smartphone;1;559
O0840;09/01/2025;C3434;Google Nest Hub 3;Smart Home;2;666
O0841;03/03/2025;C2715;Galaxy S24;Smartphone;1;1162
O0842;06/08/2024;C1789;iPhone 16;Smartphone;2;1682
O0843;10/12/2026;C1387;ThinkPad X1;Laptop;4;6752
O0844;19/10/2024;C0148;HP Spectre x360;Laptop;4;6576
O0845;23/09/2026;C4048;MacBook Air M4;Laptop;1;1671
O0846;21/07/2026;C1943;Bluetooth Headphones;Accessory;1;140
O0847;25/06/2026;C1976;Ring Doorbell Pro;Smart Home;1;233
O0848;29/01/2026;C0335;USB-C Hub 7in1;Accessory;1;61
O0849;29/10/2026;C3124;Laptop Sleeve 15in;Accessory;4;332
O0850;19/01/2026;C1616;Ring Doorbell Pro;Smart Home;2;522
O0851;11/08/2026;C2331;USB-C Hub 7in1;Accessory;4;404
O0852;04/03/2025;C4181;Galaxy S24;Smartphone;1;1189
O0853;03/08/2024;C4450;iPhone 16;Smartphone;4;3716
O0854;03/08/2026;C3066;Wireless Mouse Pro;Accessory;2;64
O0855;26/06/2024;C4323;MacBook Air M4;Laptop;4;5588
O0856;27/01/2026;C0351;Echo Dot 6;Smart Home;4;760
O0857;06/01/2025;C4090;OnePlus 13;Smartphone;4;5076
O0858;03/03/2024;C2375;Laptop Sleeve 15in;Accessory;4;356
O0859;25/06/2024;C2924;Wireless Mouse Pro;Accessory;3;225
O0860;23/05/2026;C4955;Echo Dot 6;Smart Home;2;430
O0861;28/01/2024;C3021;MacBook Air M4;Laptop;3;5646
O0862;01/06/2026;C0389;Bluetooth Headphones;Accessory;1;89
O0863;12/04/2024;C1745;Bluetooth Headphones;Accessory;2;242
O0864;03/07/2024;C0606;OnePlus 13;Smartphone;3;2391
O0865;27/05/2026;C0865;Wireless Mouse Pro;Accessory;3;453
O0866;06/05/2026;C0351;ThinkPad X1;Laptop;3;2796
O0867;14/06/2024;C3532;Google Nest Hub 3;Smart Home;3;468
O0868;09/02/2025;C4596;Wireless Mouse Pro;Accessory;2;354
O0869;26/02/2024;C1293;Galaxy Tab S10;Tablet;3;2886
O0870;13/07/2024;C1764;Laptop Sleeve 15in;Accessory;1;126
O0871;19/12/2025;C1063;Laptop Sleeve 15in;Accessory;3;153
O0872;01/01/2026;C2842;Wireless Mouse Pro;Accessory;2;104
O0873;03/07/2026;C1540;Dell XPS 15;Laptop;3;4893
O0874;05/04/2026;C0608;Google Nest Hub 3;Smart Home;2;666
O0875;27/07/2024;C2342;Dell XPS 15;Laptop;3;5934
O0876;05/12/2026;C2159;Galaxy Tab S10;Tablet;3;2241
O0877;09/03/2026;C1143;Bluetooth Headphones;Accessory;4;104
O0878;09/04/2025;C1049;iPad Air 6;Tablet;3;1224
O0879;29/08/2025;C1613;iPhone 16;Smartphone;2;1260
O0880;18/04/2026;C2725;Laptop Sleeve 15in;Accessory;3;366
O0881;18/09/2024;C2283;iPhone 16;Smartphone;1;664
O0882;31/01/2024;C3556;Galaxy S24;Smartphone;2;1016
O0883;01/12/2025;C4299;iPad Air 6;Tablet;4;2320
O0884;01/12/2025;C0740;Pixel 9 Pro;Smartphone;1;1281
O0885;12/07/2024;C4006;MacBook Air M4;Laptop;3;5145
O0886;11/01/2025;C3668;Surface Go 4;Tablet;1;997
O0887;01/03/2024;C0282;ThinkPad X1;Laptop;3;3645
O0888;30/08/2024;C0249;iPad Air 6;Tablet;2;1284
O0889;08/11/2024;C3755;Dell XPS 15;Laptop;3;3792
O0890;27/06/2025;C3372;ThinkPad X1;Laptop;4;6420
O0891;22/01/2025;C1586;Surface Go 4;Tablet;2;1510
O0892;22/08/2025;C3277;Laptop Sleeve 15in;Accessory;4;372
O0893;29/09/2026;C0005;MacBook Air M4;Laptop;1;1865
O0894;10/11/2026;C0330;Galaxy Tab S10;Tablet;1;692
O0895;21/08/2025;C0352;OnePlus 13;Smartphone;1;1066
O0896;26/03/2025;C4126;Surface Go 4;Tablet;1;855
O0897;08/07/2026;C3518;Pixel 9 Pro;Smartphone;1;915
O0898;16/03/2024;C2572;Google Nest Hub 3;Smart Home;2;376
O0899;16/12/2026;C3564;Echo Dot 6;Smart Home;1;89
O0900;09/09/2025;C4317;Galaxy Tab S10;Tablet;3;1968
O0901;04/10/2025;C0741;MacBook Air M4;Laptop;2;2442
O0902;03/07/2026;C3534;MacBook Air M4;Laptop;2;2268
O0903;20/06/2024;C1863;Ring Doorbell Pro;Smart Home;3;699
O0904;27/11/2024;C1320;Echo Dot 6;Smart Home;3;615
O0905;28/12/2024;C4716;Echo Dot 6;Smart Home;1;265
O0906;24/03/2025;C4075;OnePlus 13;Smartphone;1;1200
O0907;27/06/2024;C1158;Laptop Sleeve 15in;Accessory;3;447
O0908;14/09/2026;C4843;iPhone 16;Smartphone;1;694
O0909;11/11/2025;C0335;Galaxy S24;Smartphone;2;1912
O0910;12/09/2026;C4336;Echo Dot 6;Smart Home;1;286
O0911;25/08/2025;C0593;Google Nest Hub 3;Smart Home;3;606
O0912;07/10/2025;C1771;Galaxy S24;Smartphone;1;696
O0913;05/01/2024;C2050;MacBook Air M4;Laptop;3;3453
O0914;13/01/2026;C0285;MacBook Air M4;Laptop;1;1491
O0915;06/08/2026;C2144;Ring Doorbell Pro;Smart Home;1;307
O0916;02/05/2024;C3753;Pixel 9 Pro;Smartphone;4;4284
O0917;22/05/2024;C2237;USB-C Hub 7in1;Accessory;2;136
O0918;07/03/2025;C3373;OnePlus 13;Smartphone;2;1838
O0919;21/02/2025;C1542;Galaxy Tab S10;Tablet;2;1698
O0920;18/01/2024;C4491;Google Nest Hub 3;Smart Home;3;732
O0921;30/09/2025;C2523;USB-C Hub 7in1;Accessory;2;294
O0922;21/09/2026;C3556;Echo Dot 6;Smart Home;2;402
O0923;12/08/2025;C0534;MacBook Air M4;Laptop;4;5380
O0924;08/08/2025;C0371;Dell XPS 15;Laptop;2;3690
O0925;10/01/2026;C3959;iPhone 16;Smartphone;2;1444
O0926;03/10/2024;C0782;iPhone 16;Smartphone;1;938
O0927;16/10/2024;C0081;iPhone 16;Smartphone;4;2764
O0928;20/03/2026;C4028;iPhone 16;Smartphone;4;3264
O0929;05/09/2024;C4316;HP Spectre x360;Laptop;2;3236
O0930;01/09/2025;C4244;Google Nest Hub 3;Smart Home;2;390
O0931;19/08/2026;C0435;Wireless Mouse Pro;Accessory;4;220
O0932;08/10/2024;C4993;Galaxy Tab S10;Tablet;1;942
O0933;28/12/2026;C2780;USB-C Hub 7in1;Accessory;4;188
O0934;09/03/2026;C1173;ThinkPad X1;Laptop;2;1948
O0935;07/05/2024;C0198;Echo Dot 6;Smart Home;3;348
O0936;04/01/2024;C1743;Galaxy S24;Smartphone;1;641
O0937;03/06/2025;C3622;OnePlus 13;Smartphone;1;836
O0938;09/04/2026;C4626;Laptop Sleeve 15in;Accessory;1;162
O0939;03/04/2025;C4976;Laptop Sleeve 15in;Accessory;2;308
O0940;06/05/2026;C3171;OnePlus 13;Smartphone;2;2454
O0941;26/05/2024;C2239;HP Spectre x360;Laptop;3;2946
O0942;18/04/2025;C4246;Dell XPS 15;Laptop;2;2558
O0943;20/08/2024;C4990;Ring Doorbell Pro;Smart Home;3;273
O0944;28/02/2024;C2042;iPad Air 6;Tablet;2;1574
O0945;22/07/2024;C3972;Ring Doorbell Pro;Smart Home;1;275
O0946;03/12/2026;C0255;Wireless Mouse Pro;Accessory;3;348
O0947;06/05/2024;C2443;iPhone 16;Smartphone;3;1617
O0948;28/06/2024;C0841;OnePlus 13;Smartphone;3;3540
O0949;15/03/2025;C2183;Surface Go 4;Tablet;3;2424
O0950;03/01/2026;C1553;Bluetooth Headphones;Accessory;1;66
O0951;03/10/2026;C0844;Pixel 9 Pro;Smartphone;1;967
O0952;26/06/2024;C0317;ThinkPad X1;Laptop;3;4884
O0953;30/11/2024;C1708;Bluetooth Headphones;Accessory;3;294
O0954;11/10/2026;C4320;Dell XPS 15;Laptop;1;1754
O0955;30/05/2024;C1017;Bluetooth Headphones;Accessory;4;656
O0956;26/05/2025;C3841;Galaxy Tab S10;Tablet;4;1876
O0957;02/09/2025;C3895;Galaxy Tab S10;Tablet;1;980
O0958;19/02/2024;C2988;Laptop Sleeve 15in;Accessory;2;134
O0959;25/08/2025;C0783;Pixel 9 Pro;Smartphone;4;2516
O0960;26/02/2025;C1523;Pixel 9 Pro;Smartphone;2;1002
O0961;04/09/2024;C2783;ThinkPad X1;Laptop;2;3764
O0962;17/05/2026;C2320;Bluetooth Headphones;Accessory;1;60
O0963;03/03/2024;C1395;Dell XPS 15;Laptop;2;3652
O0964;22/05/2025;C4766;iPhone 16;Smartphone;1;518
O0965;08/01/2025;C0240;HP Spectre x360;Laptop;3;3147
O0966;24/01/2025;C2045;Galaxy Tab S10;Tablet;4;1816
O0967;16/12/2026;C2084;Galaxy S24;Smartphone;3;2007
O0968;21/08/2026;C1595;iPad Air 6;Tablet;4;1976
O0969;27/05/2024;C0202;iPad Air 6;Tablet;3;2001
O0970;11/11/2025;C1222;Ring Doorbell Pro;Smart Home;1;332
O0971;24/09/2026;C2976;Pixel 9 Pro;Smartphone;2;1812
O0972;25/07/2025;C0890;Bluetooth Headphones;Accessory;4;396
O0973;11/02/2024;C0986;Galaxy S24;Smartphone;4;4624
O0974;22/11/2024;C3879;Galaxy S24;Smartphone;3;1938
O0975;04/03/2024;C0257;MacBook Air M4;Laptop;1;1908
O0976;23/12/2026;C1055;Pixel 9 Pro;Smartphone;4;5064
O0977;23/02/2026;C4891;iPhone 16;Smartphone;4;4980
O0978;01/12/2025;C4286;Galaxy Tab S10;Tablet;3;1542
O0979;10/11/2025;C3479;Wireless Mouse Pro;Accessory;1;99
O0980;23/09/2025;C2773;Pixel 9 Pro;Smartphone;3;2253
O0981;19/04/2024;C3262;Surface Go 4;Tablet;2;894
O0982;13/06/2025;C0151;MacBook Air M4;Laptop;4;4692
O0983;19/02/2026;C2609;iPad Air 6;Tablet;1;563
O0984;30/09/2025;C2415;Ring Doorbell Pro;Smart Home;3;711
O0985;05/03/2026;C1760;MacBook Air M4;Laptop;4;3980
O0986;21/09/2025;C0947;Galaxy S24;Smartphone;2;1014
O0987;27/03/2025;C0066;ThinkPad X1;Laptop;4;7096
O0988;15/09/2026;C2203;Dell XPS 15;Laptop;1;1212
O0989;18/05/2026;C2123;Wireless Mouse Pro;Accessory;4;608
O0990;18/10/2025;C3756;Pixel 9 Pro;Smartphone;3;2178
O0991;08/07/2025;C0822;iPad Air 6;Tablet;3;1266
O0992;12/06/2024;C2309;MacBook Air M4;Laptop;2;2798
O0993;30/10/2024;C1095;Google Nest Hub 3;Smart Home;2;674
O0994;21/03/2025;C1418;ThinkPad X1;Laptop;3;4011
O0995;25/05/2025;C3025;iPhone 16;Smartphone;4;2632
O0996;03/12/2024;C0255;Bluetooth Headphones;Accessory;3;336
O0997;14/05/2026;C2417;Ring Doorbell Pro;Smart Home;3;846
O0998;28/07/2024;C1675;USB-C Hub 7in1;Accessory;4;316
O0999;04/09/2026;C0564;ThinkPad X1;Laptop;3;4731
O1000;25/01/2026;C0368;OnePlus 13;Smartphone;1;679
O1001;09/02/2025;C1407;Laptop Sleeve 15in;Accessory;2;330
O1002;31/07/2026;C3549;Google Nest Hub 3;Smart Home;3;1035
O1003;07/10/2024;C3118;ThinkPad X1;Laptop;4;7576
O1004;11/04/2024;C1495;Ring Doorbell Pro;Smart Home;2;442
O1005;31/10/2026;C1749;OnePlus 13;Smartphone;3;2577
O1006;04/03/2024;C1098;Wireless Mouse Pro;Accessory;4;560
O1007;19/05/2024;C2615;Surface Go 4;Tablet;4;2332
O1008;06/07/2025;C0145;Surface Go 4;Tablet;1;812
O1009;28/06/2025;C3442;Echo Dot 6;Smart Home;2;660
O1010;03/10/2026;C1180;Ring Doorbell Pro;Smart Home;2;470
O1011;15/05/2024;C4315;Dell XPS 15;Laptop;2;1958
O1012;31/05/2026;C2002;HP Spectre x360;Laptop;4;4948
O1013;20/03/2024;C2417;USB-C Hub 7in1;Accessory;2;46
O1014;12/10/2026;C0609;OnePlus 13;Smartphone;1;652
O1015;13/08/2025;C4704;MacBook Air M4;Laptop;4;7868
O1016;10/02/2024;C0604;HP Spectre x360;Laptop;3;3975
O1017;11/12/2026;C1840;USB-C Hub 7in1;Accessory;1;102
O1018;25/11/2024;C2472;USB-C Hub 7in1;Accessory;4;372
O1019;21/07/2024;C4654;Wireless Mouse Pro;Accessory;1;75
O1020;01/07/2026;C0665;OnePlus 13;Smartphone;3;2304
O1021;10/10/2024;C4178;Google Nest Hub 3;Smart Home;1;114
O1022;28/10/2024;C2173;USB-C Hub 7in1;Accessory;3;102
O1023;01/03/2025;C1563;Pixel 9 Pro;Smartphone;2;2338
O1024;13/02/2025;C0739;HP Spectre x360;Laptop;2;1958
O1025;24/09/2026;C0686;MacBook Air M4;Laptop;2;2996
O1026;28/08/2026;C4686;Echo Dot 6;Smart Home;4;1060
O1027;29/07/2025;C2677;Dell XPS 15;Laptop;3;3612
O1028;12/01/2025;C0996;OnePlus 13;Smartphone;4;4112
O1029;28/08/2025;C2307;MacBook Air M4;Laptop;3;3198
O1030;13/07/2024;C4459;ThinkPad X1;Laptop;2;2556
O1031;27/02/2025;C1698;Galaxy Tab S10;Tablet;4;2152
O1032;16/02/2024;C4777;iPad Air 6;Tablet;4;2588
O1033;21/06/2025;C4979;Galaxy S24;Smartphone;4;5136
O1034;26/04/2025;C3240;iPad Air 6;Tablet;4;3012
O1035;02/03/2025;C3305;Galaxy S24;Smartphone;2;2276
O1036;08/05/2024;C1815;OnePlus 13;Smartphone;4;3684
O1037;20/11/2025;C2054;Galaxy Tab S10;Tablet;4;2424
O1038;24/08/2026;C2744;iPhone 16;Smartphone;2;2290
O1039;17/05/2024;C0599;Bluetooth Headphones;Accessory;1;172
O1040;20/01/2026;C0427;iPhone 16;Smartphone;2;2440
O1041;28/11/2025;C3902;ThinkPad X1;Laptop;1;1806
O1042;16/11/2025;C0422;iPhone 16;Smartphone;4;2864
O1043;18/05/2024;C2789;Wireless Mouse Pro;Accessory;1;53
O1044;23/12/2026;C4078;HP Spectre x360;Laptop;3;4443
O1045;05/05/2026;C2125;HP Spectre x360;Laptop;4;7196
O1046;10/06/2025;C0924;Google Nest Hub 3;Smart Home;2;586
O1047;21/06/2025;C0356;Dell XPS 15;Laptop;1;1088
O1048;25/08/2026;C3359;Pixel 9 Pro;Smartphone;4;4920
O1049;01/06/2024;C3218;Echo Dot 6;Smart Home;4;724
O1050;10/01/2026;C0973;Ring Doorbell Pro;Smart Home;2;584
O1051;18/11/2026;C1855;Wireless Mouse Pro;Accessory;3;243
O1052;24/04/2024;C3960;Galaxy Tab S10;Tablet;1;425
O1053;21/06/2026;C1231;Google Nest Hub 3;Smart Home;1;207
O1054;16/03/2026;C4212;Bluetooth Headphones;Accessory;2;144
O1055;18/01/2026;C4746;Dell XPS 15;Laptop;1;1326
O1056;09/03/2024;C1383;HP Spectre x360;Laptop;3;3699
O1057;07/11/2025;C0388;Ring Doorbell Pro;Smart Home;2;344
O1058;02/09/2026;C0550;iPad Air 6;Tablet;3;2472
O1059;05/08/2024;C2349;Echo Dot 6;Smart Home;2;628
O1060;15/09/2024;C4585;Laptop Sleeve 15in;Accessory;4;104
O1061;23/02/2026;C0565;Ring Doorbell Pro;Smart Home;1;269
O1062;22/07/2025;C1530;Wireless Mouse Pro;Accessory;1;174
O1063;16/08/2024;C4431;iPhone 16;Smartphone;3;2886
O1064;10/02/2025;C2517;USB-C Hub 7in1;Accessory;3;141
O1065;05/10/2025;C1949;Laptop Sleeve 15in;Accessory;1;59
O1066;02/01/2024;C3170;HP Spectre x360;Laptop;1;1353
O1067;13/07/2026;C0640;HP Spectre x360;Laptop;1;942
O1068;23/11/2024;C3798;Dell XPS 15;Laptop;2;2140
O1069;22/01/2026;C1318;Pixel 9 Pro;Smartphone;4;2660
O1070;26/11/2025;C3033;iPhone 16;Smartphone;4;4020
O1071;17/01/2025;C2856;USB-C Hub 7in1;Accessory;3;501
O1072;31/07/2026;C1835;iPhone 16;Smartphone;3;3078
O1073;24/04/2024;C3852;Pixel 9 Pro;Smartphone;4;2088
O1074;15/09/2025;C3600;iPad Air 6;Tablet;2;1806
O1075;25/04/2024;C1297;Wireless Mouse Pro;Accessory;2;80
O1076;26/03/2024;C0339;iPad Air 6;Tablet;4;3900
O1077;01/04/2024;C3348;Ring Doorbell Pro;Smart Home;1;98
O1078;17/09/2024;C4895;Ring Doorbell Pro;Smart Home;1;206
O1079;29/03/2025;C4147;Pixel 9 Pro;Smartphone;2;1954
O1080;01/12/2024;C0166;MacBook Air M4;Laptop;3;3417
O1081;24/10/2026;C4479;Bluetooth Headphones;Accessory;2;330
O1082;24/09/2024;C0804;Echo Dot 6;Smart Home;4;672
O1083;18/08/2026;C3887;Surface Go 4;Tablet;2;1512
O1084;29/10/2025;C3443;USB-C Hub 7in1;Accessory;4;212
O1085;15/06/2024;C1957;Galaxy Tab S10;Tablet;2;952
O1086;04/09/2025;C0339;Dell XPS 15;Laptop;3;2817
O1087;26/12/2025;C2335;iPhone 16;Smartphone;2;2104
O1088;07/02/2025;C0728;Pixel 9 Pro;Smartphone;3;1647
O1089;04/03/2026;C1355;Dell XPS 15;Laptop;3;5745
O1090;12/02/2026;C3081;Bluetooth Headphones;Accessory;2;258
O1091;02/04/2026;C3054;iPhone 16;Smartphone;3;2178
O1092;10/07/2025;C4795;Pixel 9 Pro;Smartphone;1;738
O1093;04/04/2026;C3903;HP Spectre x360;Laptop;1;1024
O1094;24/09/2024;C0661;Google Nest Hub 3;Smart Home;2;280
O1095;13/12/2026;C3449;Surface Go 4;Tablet;3;2631
O1096;14/11/2026;C1341;OnePlus 13;Smartphone;2;1894
O1097;19/08/2024;C2542;MacBook Air M4;Laptop;1;1773
O1098;21/01/2025;C2323;iPhone 16;Smartphone;2;1156
O1099;27/10/2025;C0998;Galaxy Tab S10;Tablet;4;2776
O1100;14/09/2025;C2606;Galaxy Tab S10;Tablet;1;553
